<?xml version="1.0" encoding="UTF-8"?>

<channel name="xfce4-panel" version="1.0">
  <property name="configver" type="int" value="2"/>
  <property name="panels" type="array">
    <value type="int" value="1"/>
    <value type="int" value="2"/>
    <property name="panel-1" type="empty">
      <property name="position" type="string" value="p=6;x=0;y=0"/>
      <property name="length" type="uint" value="100"/>
      <property name="position-locked" type="bool" value="true"/>
      <property name="size" type="uint" value="34"/>
      <property name="plugin-ids" type="array">
        <value type="int" value="1"/>
        <value type="int" value="3"/>
        <value type="int" value="15"/>
        <value type="int" value="5"/>
        <value type="int" value="6"/>
        <value type="int" value="16"/>
        <value type="int" value="17"/>
      </property>
      <property name="nrows" type="uint" value="1"/>
    </property>
    <property name="panel-2" type="empty">
      <property name="position" type="string" value="p=10;x=0;y=0"/>
      <property name="position-locked" type="bool" value="true"/>
      <property name="plugin-ids" type="array">
        <value type="int" value="7"/>
        <value type="int" value="8"/>
        <value type="int" value="10"/>
        <value type="int" value="11"/>
        <value type="int" value="12"/>
        <value type="int" value="13"/>
        <value type="int" value="14"/>
      </property>
      <property name="mode" type="uint" value="0"/>
      <property name="output-name" type="string" value="Primary"/>
      <property name="disable-struts" type="bool" value="false"/>
      <property name="background-style" type="uint" value="0"/>
    </property>
  </property>
  <property name="plugins" type="empty">
    <property name="plugin-1" type="string" value="applicationsmenu"/>
    <property name="plugin-3" type="string" value="tasklist"/>
    <property name="plugin-15" type="string" value="separator">
      <property name="expand" type="bool" value="true"/>
      <property name="style" type="uint" value="0"/>
    </property>
    <property name="plugin-5" type="string" value="clock"/>
    <property name="plugin-6" type="string" value="systray">
      <property name="names-visible" type="array">
        <value type="string" value="network"/>
        <value type="string" value="networkmanager applet"/>
      </property>
    </property>
    <property name="plugin-7" type="string" value="showdesktop"/>
    <property name="plugin-8" type="string" value="separator"/>
    <property name="plugin-10" type="string" value="launcher">
      <property name="items" type="array">
        <value type="string" value="16205970952.desktop"/>
      </property>
    </property>
    <property name="plugin-11" type="string" value="launcher">
      <property name="items" type="array">
        <value type="string" value="16205970953.desktop"/>
      </property>
    </property>
    <property name="plugin-12" type="string" value="launcher">
      <property name="items" type="array">
        <value type="string" value="16205970954.desktop"/>
      </property>
    </property>
    <property name="plugin-13" type="string" value="separator"/>
    <property name="plugin-14" type="string" value="directorymenu">
      <property name="base-directory" type="string" value="/home/paul"/>
    </property>
    <property name="plugin-16" type="string" value="actions"/>
    <property name="plugin-17" type="string" value="notification-plugin"/>
  </property>
</channel>
