{"schema":6,"addons":[{"id":"langpack-fr@firefox.mozilla.org","icons":{"32":"https://addons.cdn.mozilla.net/static/img/addon-icons/default-32.png","64":"https://addons.cdn.mozilla.net/static/img/addon-icons/default-64.png","128":"https://addons.cdn.mozilla.net/static/img/addon-icons/default-128.png"},"name":"Français Language Pack","version":"89.0buildid20210511190154","sourceURI":"https://addons.mozilla.org/firefox/downloads/file/3774728/francais_language_pack-89.0buildid20210511190154-fx.xpi","homepageURL":null,"supportURL":null,"description":"Français Language Pack","fullDescription":null,"weeklyDownloads":1280,"type":"locale","creator":{"name":"Mozilla Firefox","url":"https://addons.mozilla.org/fr/firefox/user/4757633/"},"developers":[],"screenshots":[],"contributionURL":"","averageRating":4.0355,"reviewCount":151,"reviewURL":"https://addons.mozilla.org/fr/firefox/addon/fran%C3%A7ais-language-pack/reviews/","updateDate":1620769846000},{"id":"fr-dicollecte@dictionaries.addons.mozilla.org","icons":{"32":"https://addons.cdn.mozilla.net/user-media/addon_icons/354/354872-32.png?modified=1548510843","64":"https://addons.cdn.mozilla.net/user-media/addon_icons/354/354872-64.png?modified=1548510843","128":"https://addons.cdn.mozilla.net/user-media/addon_icons/354/354872-128.png?modified=1548510843"},"name":"Dictionnaire français","version":"7.0b","sourceURI":"https://addons.mozilla.org/firefox/downloads/file/3581786/dictionnaire_francais-7.0b.xpi","homepageURL":"http://www.dicollecte.org/","supportURL":null,"description":"Dictionnaire orthographique pour la langue française.","fullDescription":"Cette extension ne contient dorénavant plus qu’un seul dictionnaire.\n\nPour une prise en charge plus complète de langue française, installez Grammalecte, le correcteur grammatical.","weeklyDownloads":1693,"type":"dictionary","creator":{"name":"Olivier R.","url":"https://addons.mozilla.org/fr/firefox/user/4845174/"},"developers":[],"screenshots":[{"url":"https://addons.cdn.mozilla.net/user-media/previews/full/146/146492.png?modified=1616525942","width":700,"height":481,"thumbnailURL":"https://addons.cdn.mozilla.net/user-media/previews/thumbs/146/146492.jpg?modified=1616525942","thumbnailWidth":533,"thumbnailHeight":366}],"contributionURL":"","averageRating":4.2126,"reviewCount":19,"reviewURL":"https://addons.mozilla.org/fr/firefox/addon/dictionnaire-fran%C3%A7ais1/reviews/","updateDate":1590852013000},{"id":"qwantcomforfirefox@jetpack","icons":{"32":"https://addons.cdn.mozilla.net/user-media/addon_icons/544/544242-32.png?modified=e971ab2b","64":"https://addons.cdn.mozilla.net/user-media/addon_icons/544/544242-64.png?modified=e971ab2b","128":"https://addons.cdn.mozilla.net/user-media/addon_icons/544/544242-128.png?modified=e971ab2b"},"name":"Qwant","version":"6.0.0","sourceURI":"https://addons.mozilla.org/firefox/downloads/file/3658805/qwant-6.0.0-an+fx.xpi","homepageURL":"https://www.qwant.com/extension/firefox/about","supportURL":"https://help.qwant.com","description":"Utilisez Qwant comme moteur de recherche et page d'accueil par défaut pour votre navigateur.","fullDescription":"Qwant, le moteur de recherche qui respecte votre vie privée.\nConçu et basé en France, Qwant est le premier moteur de recherche européen, à la fois performant et éthique, qui protège les libertés de ses utilisateurs et veille à préserver l'écosystème numérique. Nos mots clés : vie privée et neutralité.\n\nRespect de votre vie privée\nQwant délivre les meilleurs résultats possibles à vos recherches sans jamais chercher à savoir qui vous êtes ou ce que vous faites. Nous pensons très fort que ce que vous recherchez relève uniquement de votre vie privée. Qwant ne garde donc rien en mémoire et n'exploite aucune donnée personnelle à des fins publicitaires ou autres.\n\nVous aussi faites votre #switch2Qwant avec cette extension, et gardez Qwant à portée de main, en page d'accueil et comme moteur de recherche par défaut.","weeklyDownloads":3840,"type":"extension","creator":{"name":"Qwant","url":"https://addons.mozilla.org/fr/firefox/user/10568360/"},"developers":[],"screenshots":[{"url":"https://addons.cdn.mozilla.net/user-media/previews/full/245/245927.png?modified=1616526274","width":1280,"height":800,"thumbnailURL":"https://addons.cdn.mozilla.net/user-media/previews/thumbs/245/245927.jpg?modified=1616526274","thumbnailWidth":533,"thumbnailHeight":333},{"url":"https://addons.cdn.mozilla.net/user-media/previews/full/245/245928.png?modified=1616526277","width":1280,"height":800,"thumbnailURL":"https://addons.cdn.mozilla.net/user-media/previews/thumbs/245/245928.jpg?modified=1616526277","thumbnailWidth":533,"thumbnailHeight":333},{"url":"https://addons.cdn.mozilla.net/user-media/previews/full/245/245929.png?modified=1616526281","width":1280,"height":800,"thumbnailURL":"https://addons.cdn.mozilla.net/user-media/previews/thumbs/245/245929.jpg?modified=1616526281","thumbnailWidth":533,"thumbnailHeight":333},{"url":"https://addons.cdn.mozilla.net/user-media/previews/full/245/245930.png?modified=1616526286","width":1280,"height":800,"thumbnailURL":"https://addons.cdn.mozilla.net/user-media/previews/thumbs/245/245930.jpg?modified=1616526286","thumbnailWidth":533,"thumbnailHeight":333}],"contributionURL":"","averageRating":4.254,"reviewCount":172,"reviewURL":"https://addons.mozilla.org/fr/firefox/addon/qwantcom-for-firefox/reviews/","updateDate":1602494719000}]}