{"doh-rollout@mozilla.org":{"permissions":["internal:privateBrowsingAllowed"],"origins":[]},"formautofill@mozilla.org":{"permissions":["internal:privateBrowsingAllowed"],"origins":[]},"pictureinpicture@mozilla.org":{"permissions":["internal:privateBrowsingAllowed"],"origins":[]},"screenshots@mozilla.org":{"permissions":["internal:privateBrowsingAllowed"],"origins":[]},"webcompat@mozilla.org":{"permissions":["internal:privateBrowsingAllowed"],"origins":[]},"default-theme@mozilla.org":{"permissions":["internal:privateBrowsingAllowed"],"origins":[]},"google@search.mozilla.org":{"permissions":["internal:privateBrowsingAllowed"],"origins":[]},"wikipedia@search.mozilla.org":{"permissions":["internal:privateBrowsingAllowed"],"origins":[]},"bing@search.mozilla.org":{"permissions":["internal:privateBrowsingAllowed"],"origins":[]},"ddg@search.mozilla.org":{"permissions":["internal:privateBrowsingAllowed"],"origins":[]},"amazon@search.mozilla.org":{"permissions":["internal:privateBrowsingAllowed"],"origins":[]},"qwantcomforfirefox@jetpack":{"permissions":["internal:privateBrowsingAllowed"],"origins":[]},"ebay@search.mozilla.org":{"permissions":["internal:privateBrowsingAllowed"],"origins":[]},"qwant@search.mozilla.org":{"permissions":["internal:privateBrowsingAllowed"],"origins":[]}}