{"version":2,"commands":{},"url_overrides":{},"prefs":{"homepage_override":{"initialValue":{},"precedenceList":[{"id":"qwantcomforfirefox@jetpack","installDate":1620854753842,"value":"https://www.qwant.com/?client=ext-firefox-hp","enabled":true}]}},"homepageNotification":{},"default_search":{"engineAdded":{"precedenceList":[{"id":"qwantcomforfirefox@jetpack","installDate":1620854753842,"value":"Qwant","enabled":true}]},"defaultSearch":{"initialValue":"Google","precedenceList":[{"id":"qwantcomforfirefox@jetpack","installDate":1620854753842,"value":"Qwant","enabled":true}]}},"newTabNotification":{},"tabHideNotification":{}}