{"defaultHandlersVersion":{"en-US":4,"fr":3},"mimeTypes":{"text/xml":{"action":3,"extensions":["xml"]},"image/svg+xml":{"action":3,"extensions":["svg"]},"image/webp":{"action":3,"extensions":["webp"]},"image/jpeg":{"action":0,"ask":true,"extensions":["jpg","jpeg","jpe","jfif","pjpeg","pjp"]}},"schemes":{"ircs":{"stubEntry":true,"handlers":[null,{"uriTemplate":"https://www.mibbit.com/?url=%s","name":"Mibbit"}]},"mailto":{"stubEntry":true,"handlers":[null,{"name":"Yahoo! Mail","uriTemplate":"https://compose.mail.yahoo.com/?To=%s"},{"name":"Gmail","uriTemplate":"https://mail.google.com/mail/?extsrc=mailto&url=%s"}]},"irc":{"stubEntry":true,"handlers":[null,{"uriTemplate":"https://www.mibbit.com/?url=%s","name":"Mibbit"}]}}}