{"chrome://browser/content/browser.xul":{"navigator-toolbox":{"iconsize":"small"},"main-window":{"screenX":"0","screenY":"31","width":"1440","height":"810","sizemode":"normal"},"sidebar-box":{"sidebarcommand":"","width":"","src":""},"sidebar-title":{"value":""}},"chrome://browser/content/browser.xhtml":{"navigator-toolbox":{"iconsize":"small"},"main-window":{"screenX":"58","screenY":"35","width":"1440","height":"810","sizemode":"maximized"},"sidebar-box":{"src":""}},"chrome://browser/content/sanitize.xhtml":{"SanitizeDialog":{"screenX":"733","screenY":"342"}},"chrome://mozapps/content/downloads/unknownContentType.xhtml":{"unknownContentTypeWindow":{"screenX":"733","screenY":"373"}},"chrome://browser/content/places/places.xhtml":{"placesContentTags":{"ordinal":"3"},"placesContentUrl":{"ordinal":"5"},"placesContentDate":{"ordinal":"7"},"placesContentVisitCount":{"ordinal":"9"},"placesContentDateAdded":{"ordinal":"11"},"placesContentLastModified":{"ordinal":"13"},"places":{"screenX":"2098","screenY":"390","width":"730","height":"500","sizemode":"normal"}}}